-3.816567171278033993e-02,1.884797695351398128e-01,-6.630478680458295158e-03,5.816985333476675651e-02,1.296065925269689334e-01,-9.004477587183368215e-02,1.516674784618443628e-01,3.906152615233830869e-03,-8.503295336211764976e-02,9.446082092841351363e-02,2.362937912063525683e-03,-2.290619436647373022e-04
4.472796683502523740e-02,5.134616247371034947e-02,3.861221290846462116e-03,-9.838238501126947422e-02,-3.306374608122060466e-02,-1.274621907818189459e-01,5.709983590928299074e-02,6.731042806472618822e-02,-9.478590775642316280e-03,5.846179827379202609e-02,-1.040648463751744218e-01,1.433366574805801721e-02
7.422406148780440194e-02,-3.600897214075204217e-02,1.337037926264836585e-01,-1.453590914449849614e-01,-2.333857562738381533e-02,1.320024662670686855e-01,-6.831470219279102418e-02,-5.764684042768064565e-02,1.057319414090031606e-01,1.772472979321096653e-01,7.258659291125577062e-02,-2.407861274072226401e-02
-1.845496328123406582e-01,6.387678065052766752e-02,-3.813185097209029900e-02,-7.163533413631966926e-03,-1.322993827186937921e-01,-1.394112201870043033e-01,-7.296218751401183089e-02,-5.586911053633698832e-02,1.718363148678642843e-02,6.956940236490441465e-02,-2.927473732120727465e-02,-1.922363616425941737e-02
-7.204344134331878979e-02,-1.756109388792408410e-01,-1.566193426761426921e-01,9.025060573571841438e-02,6.283040660943130240e-02,-4.901645745294092721e-02,7.956998498289706567e-02,2.269225580260429698e-02,-2.156084375152613752e-01,-1.315944679326400690e-01,7.032446951079805719e-02,-7.984058636666577224e-02
1.113991606859534023e-01,9.743481131837880560e-02,8.132017287720459675e-02,-5.393915888863789337e-02,-3.220365248267010455e-02,-8.142766975713948419e-02,4.804079256314153223e-02,2.712991564046385654e-02,6.326988023677379558e-02,2.277242395672255185e-02,1.253627441860106356e-02,8.647280859982840739e-02
5.660532883285879918e-02,-8.526280720699548621e-02,1.283267708546637353e-01,1.528461834863139301e-01,-1.654829664303589243e-01,-7.500213248538126209e-03,-1.133776819110511591e-01,1.777205501675830357e-01,-2.699443775079301763e-02,-7.793391619529925832e-03,-9.222045252527041881e-02,-8.722639638241237725e-02
-8.720521609365285143e-02,6.851949419736441671e-02,2.606003478741608995e-02,1.126236044553667326e-01,1.418855654017305012e-01,-1.849720398000401500e-01,4.562182122762429431e-02,1.129574807133986308e-01,1.133337101427893956e-01,-1.555334201410395190e-01,5.448747894295653121e-02,-9.768630572283912294e-02
1.301443653825960778e-02,-1.215376053205256823e-02,1.584208377740542462e-01,1.639847637999981844e-02,-1.252858928401452965e-01,7.286083306514147540e-02,-3.413269089843033038e-02,-1.006209071588788639e-02,1.500032217753737851e-01,6.387420393710463093e-03,1.316770346605316833e-01,8.307885390799941983e-02
-1.203953567027879062e-01,9.027787279796194164e-02,7.082105694074838920e-02,-5.601833930725431260e-02,-3.187916343093244453e-02,-1.282735878693080367e-01,-8.588820469980393627e-03,3.852402914017113295e-02,-2.282868886349544713e-01,-5.545747308147534749e-02,-8.959545061111079400e-02,-4.619950195973127755e-02
5.728438093819208238e-02,1.282188637240395945e-01,-1.333289188178599649e-01,6.586271464631827943e-02,-6.335803118197327888e-02,-4.129481127878550928e-02,3.724804546890107121e-02,1.945819754495098919e-01,-3.701950535896783578e-02,3.184512305929149134e-02,-9.647984756130356665e-02,7.000206239395040386e-02
1.116747194809081800e-01,-1.702647304087387958e-01,-1.332863744429067798e-01,3.905924471397736325e-02,-1.485175385647493143e-03,-1.615882745097134143e-01,-6.521867911528371649e-03,-7.604571955442918085e-02,5.763092451316792486e-02,-1.631244469111011453e-01,1.335732483851073682e-01,-6.371818244299641554e-02
-9.907917214299187536e-02,-8.530049871754991075e-02,4.795188898353378720e-02,9.552982754120346864e-02,5.850040088005897809e-02,-1.038918823839046074e-01,-1.516484787330805717e-01,1.585785937406433144e-01,-3.361536237943436867e-02,-1.796686335093936396e-02,1.656058496324098739e-01,-5.955106104955035055e-03
1.330338754466801714e-02,1.849891327344289349e-01,2.845944276046189370e-03,1.573227279316710414e-01,1.515533456914395019e-02,-1.872145328036687595e-01,4.651039697628547159e-02,4.524449347302563623e-02,-3.599391260056802183e-02,2.471269058553449138e-02,1.955397605258750796e-02,4.858946338798996595e-02
7.705424242651241762e-02,-8.383047098074741799e-02,4.357388152321225311e-03,-4.465124908019760253e-02,9.446735936334865746e-02,1.421347964172583328e-02,-1.650697103232758034e-02,3.908514070843069343e-02,1.737273978301854538e-01,-1.010908662624462745e-01,1.229712987126483775e-01,4.322696445910975682e-02
-9.861128197130368533e-02,1.744885165604133717e-02,-1.227464348754701839e-01,1.509732374458596857e-02,-2.134667006499317825e-03,-5.716107751694575467e-02,4.094924466967804488e-02,-3.444850758955506770e-02,-9.061644438011741409e-02,-9.212230976167504540e-03,-6.435126655706083221e-02,7.690404015519758385e-02
7.255823115597029305e-02,-1.890247576204459323e-01,1.117699626887589809e-01,-1.131485261919135954e-01,-2.086480475405795912e-02,1.663362254265901563e-02,1.522189198663496945e-01,1.683217847759841193e-02,-4.175325882202177846e-02,-7.000349303185116057e-02,8.234342210993330843e-03,-3.530041571931676753e-02
-1.210163968372138660e-01,8.632946555825381230e-02,-9.860461647116951223e-02,1.117369807985839486e-01,-3.006904170728140133e-02,-4.151809721930976166e-02,8.800408256575802113e-02,3.525405553423671678e-02,-7.339337963116733532e-02,1.349452711067289923e-01,2.764943392288800577e-03,-2.341389461063567504e-02
-2.520983505463031404e-02,1.614922367986776908e-01,4.636023766090327514e-02,1.001760377511247413e-01,-9.248364827196185745e-02,-2.103906068321940992e-02,-6.585940903659012746e-02,-8.683026803091732637e-02,-7.872288641420016608e-02,-1.209758992163996044e-01,1.081837427587374438e-02,-1.134536594107825661e-02
-2.218640157312056632e-02,7.204598288894687244e-03,3.241450049556991730e-02,-1.756066323921618710e-01,2.241827124881412558e-02,1.178299456903539877e-01,1.222612634919771762e-01,7.241202072064140127e-02,-2.103913337566799477e-02,-1.671203834349906797e-02,-4.231972787316912871e-02,-1.838430077103880012e-01
3.762857834900984466e-02,-5.386587069225667185e-02,9.286522890195716973e-02,-4.589157435789271294e-02,-1.400014458522428618e-01,-6.362988648823560134e-02,-1.403535988400715362e-01,9.923312998182540201e-02,7.222405494893399669e-02,-1.008375663953303969e-01,3.971611896351460308e-02,-4.987414039367871199e-02
-9.516188802906698496e-02,1.747014428595876634e-01,-1.706846886613827829e-01,-3.586967156349354924e-02,2.349198611650666485e-02,-6.967684798570070170e-02,1.293175091540559318e-01,4.028777420520491571e-03,-1.660743551166551368e-01,5.702882798754724258e-02,-3.024812204200097790e-02,2.337755046617761776e-02
-3.512076745089313251e-02,1.390551244272336673e-01,-5.752128224381106852e-02,6.705240800078092478e-02,9.914338199365640980e-02,4.912021194083198566e-02,-9.401158472920815093e-03,1.253428325138470495e-02,-6.127347533476722174e-02,7.295600177802123720e-02,-1.806688625053524608e-02,-3.453124379275096523e-02
1.138023669944750738e-01,1.993209044469753943e-01,-9.844935156618421501e-02,5.531684808206329546e-02,-7.621770932357634087e-02,-1.788455554269136050e-01,-3.970182393799180816e-03,-6.405518368976842458e-02,-8.057144514952915837e-02,3.048402861424264962e-02,-1.791212352787519696e-02,1.699534448452018690e-02
6.911755836187703783e-02,5.183048117401423127e-02,3.171238674810049341e-02,4.775775070826740465e-02,1.236121927005953691e-01,1.446110494337284891e-01,-1.170897482251470612e-01,8.119665349916448116e-02,-1.485244676090834715e-01,-2.666237711106681472e-03,-1.277537098381608185e-02,-1.347254445856700955e-01
-1.610171788572865859e-01,7.825234370317925292e-02,6.079006647813130909e-02,-3.137095675356388878e-04,8.615131201991862997e-02,5.444719675423638494e-02,-5.706925314397588711e-02,2.076646704950884659e-01,-9.828705181296504279e-02,-2.058033239481890375e-01,-1.182819283319769682e-01,2.649360592884457150e-03
1.403450739021089300e-02,-1.218920597589405602e-01,1.413954588771475229e-01,-5.843407487211347423e-02,1.997737515580353396e-01,4.179147761859846287e-03,-6.136239788570992809e-02,-3.240129360773168904e-02,-9.818992376666361988e-02,-1.097776063758456183e-01,3.854248288440720316e-02,-4.318352039976877665e-02
1.737434123673244901e-01,-1.583763889850579865e-01,-1.200946051575739601e-03,2.783407104688120220e-02,4.053123630768929592e-02,-2.432914943174227171e-02,1.946763987049370329e-02,-2.054153204575950298e-01,4.716965837818743595e-02,2.887634241514628122e-02,-1.373608956314835775e-02,1.260707745191291529e-01
-5.820779467409507163e-02,-5.906872464060076294e-02,-1.264291223691963173e-01,-7.069094490204073933e-02,-9.165336185268038380e-03,-4.878594059984743547e-02,1.646916953906772119e-01,6.777147514580809939e-02,8.001305484729821782e-02,-3.937499703862312045e-02,1.724412151376827629e-01,2.021271888722778881e-02
6.017389681139131974e-02,-1.241119179056240224e-01,-1.098180759970756870e-01,-4.173339913951994162e-02,-1.118489126355989849e-01,8.682879826055536765e-02,-4.680753466622956938e-02,-2.120220328341979321e-01,4.959487811322697837e-02,7.064964434061253573e-02,3.836173817289420529e-02,1.159859826557455009e-01
1.711353664610442415e-01,5.215694409394058817e-02,2.236914944193369448e-01,1.735303349180207788e-01,8.024281431233551420e-02,-8.024057700102787960e-02,-1.587339856769889868e-01,6.716430736439556182e-02,-1.205645227760270277e-01,-1.005260623482909788e-01,1.492365212020670684e-01,1.843510303992705601e-02
-1.972490698966475053e-01,8.362688057127951047e-02,3.641748516202897995e-02,-1.173540608962849103e-04,7.664026072084724472e-03,-1.278797385516970142e-01,-9.573865354018462615e-02,3.813942070691934277e-02,-9.742520756568438800e-02,-5.047242327521107158e-02,1.940052756052314531e-01,-5.991889177304459552e-02
1.456832584996821667e-01,6.655728210547630364e-02,-2.020031741102247258e-01,-2.043949282524262778e-01,-7.916201286331724096e-02,1.006945473058004289e-02,-2.225154840476867638e-02,9.926587778486517522e-02,-1.992342917248730583e-01,-6.685382617194229882e-02,4.899838230669504441e-02,-1.411602579132641699e-01
4.156867509800441646e-02,-1.567895405564059264e-01,-1.000648053742926452e-01,4.032031113355965396e-03,1.742500009807019037e-02,3.822509927089325771e-02,-1.786564523727662834e-01,1.434553741207390265e-01,5.263936582407428150e-02,2.983081651852188820e-02,-6.534852124170877075e-02,1.969764572170731032e-01
-2.152500044614851227e-01,1.680923441947954067e-01,-4.280169880616065126e-02,3.878210336616555454e-02,5.788802176765540930e-02,1.229353847713204606e-01,-1.225869041557362954e-01,5.337484467244229397e-02,-6.480949253665979626e-02,-9.206794830244952044e-02,-7.705738831378328157e-02,-7.126113958360269507e-02
-1.242725801619358993e-02,-6.338694688524390553e-02,-1.420277374873634146e-01,1.372172249193973348e-01,4.538398928700300428e-02,-8.182710588680390529e-02,-9.684187105098136794e-02,1.362525412013649295e-01,-1.775226162111638029e-01,3.337281899547604042e-02,1.355254202950431641e-01,7.558463410239754134e-03
6.527416142769580654e-02,-1.105012663465938932e-01,5.277059365987311207e-02,1.873528645121519398e-02,-3.223368606886416882e-03,8.245091546868216215e-02,9.195532126884443935e-02,-6.462718212270707197e-02,-5.424636297688478770e-02,-2.551234623986757891e-02,1.222418327670804633e-01,-5.034604759989042000e-02
-7.440106456618765518e-03,-1.933018383671980811e-01,-4.529363471860090029e-02,-1.330892457579921084e-01,-7.796305396711697422e-02,-1.864027662254378118e-02,-4.997580201721049664e-02,7.513722119966459445e-02,-1.317827366589316256e-02,2.004457212922610906e-02,1.743792062961343758e-01,1.204133736095339656e-02
1.446557321039413646e-01,-1.577857392904711831e-01,-1.080648025286750080e-01,-1.546480042033971658e-01,1.257204152575707723e-01,5.747290236333881669e-02,-1.185272900795001361e-01,-4.263121172936779057e-02,8.082049162856169700e-02,5.865502660046611333e-02,-9.830340788181100853e-02,-3.700973284446019973e-02
4.712309113715108105e-02,-8.499172184157134657e-02,1.546525632450826138e-01,3.975289067859379827e-02,-2.979353486097248080e-02,-6.232334740050474858e-02,2.010356200626956663e-02,-8.190380785423093113e-02,2.547605338419417585e-03,6.683159011367462154e-02,-4.820291698157661009e-02,-3.770223650858689490e-02
1.918547341924385641e-02,-7.601821042937361925e-03,-7.966107294168733866e-02,-6.029799379121580927e-02,1.428277501083962953e-01,-1.305605521696741600e-01,9.922101829421475783e-02,-8.547844380207227089e-02,2.677180269337450444e-02,1.697482187285470900e-01,1.181121565567265913e-01,1.304222019136321853e-01
-2.115907773482380086e-02,4.668377063747105454e-02,-1.804447721580283992e-01,-1.028594650404811989e-01,-8.397900662072585801e-03,-5.348675149065876266e-02,7.573453478647737547e-02,4.144376691363012288e-02,1.638337191679869673e-02,-1.617628020451462312e-01,-1.875117832772068560e-01,-1.098911272386838278e-01
2.649786018807971308e-02,1.089138289789254137e-02,1.148994363842310573e-01,-1.663061485021081198e-01,-4.866069877001949484e-02,1.287744496340180733e-01,-8.777195864865652841e-02,4.848890822648220522e-02,1.216201876100374973e-01,8.988552931042409488e-02,-9.205481786990903081e-02,-2.447372444545061962e-02
-3.462464935631365259e-02,-1.323194214990122686e-01,-9.919945620353093352e-02,1.243867879616865624e-01,-2.686958135871523462e-02,-8.706267134959769227e-02,1.217781949863586538e-01,1.265717362984513684e-02,5.793974860269883453e-02,1.149103910874430395e-01,9.958274165171106251e-02,7.452895725411849692e-02
4.719638042675399631e-03,-1.235869832624857112e-02,-6.258445455698037618e-02,-6.957986322493331377e-02,1.562122070031039256e-01,-6.647164336380807781e-02,-1.005878173159690039e-02,-5.774133340964504590e-02,-1.875171502832665427e-01,-7.521632878024347990e-02,1.044743136235412040e-01,5.380136043977024746e-02
1.593046811905762528e-01,-3.355579983097798508e-02,9.149218904596560786e-02,6.979404485426543570e-02,1.277280071083482516e-01,-1.083164886113606867e-01,9.754441262140307878e-02,-6.978007947110102804e-02,-5.977183052057064711e-02,-4.630112212605373700e-02,-5.525515714656447502e-02,6.529357234330471216e-02
-1.098210625519526196e-01,4.871179061347650358e-02,-3.788369921894599313e-02,-9.332500555665428077e-02,1.738472468949420896e-02,-4.148293714478114291e-02,5.499317188203867168e-02,7.111140090134833447e-02,-2.562811838212518400e-02,-1.531889388859625778e-01,1.277350690116096400e-02,1.290619098731239089e-01
1.410178265452353974e-01,-9.371649928316509726e-02,-1.725066215512139137e-02,4.112510206059742657e-02,2.710418662447194177e-02,1.808860434355327729e-02,-9.835037127560038173e-02,-5.971755266314961869e-02,8.397275555386220225e-02,1.324577420551344420e-01,-1.282184125365917471e-01,7.481116104814361512e-02
-8.200060035642225964e-02,1.804145884634833774e-01,7.464125941227374439e-02,-1.481629534381603830e-01,4.367298500872007078e-02,-4.066326016133110788e-02,-6.440814606643419094e-02,-2.457698374876254518e-02,2.512525079030894504e-02,1.164012300705352318e-02,-1.204529207392184970e-01,1.051274946915085051e-01
9.292390042863755972e-02,-5.492670638034818399e-03,-7.927340259343843010e-02,-9.214108412376274815e-02,-1.756582717991891363e-01,-6.011683593686010380e-02,-1.585455081022522361e-01,-8.793760191263108594e-02,5.918049342191111090e-02,-7.561554829197457417e-02,-7.844112770001393509e-02,1.209329582475777293e-02
-9.741681596204279647e-02,-1.511360722838347159e-01,-2.311067696802816818e-02,3.584738139085053704e-02,-7.312554054551168026e-02,-1.054376188216388233e-01,1.591764818338455012e-01,-1.647062102798068084e-01,-9.261115730751688646e-02,-1.003227916600163555e-01,4.852991595837543443e-02,-3.086371036194541367e-02
-1.372504293218339833e-01,1.069749691229004568e-01,1.917939999776744828e-02,1.396696856546495724e-01,-1.019586920007668901e-01,-1.279916311799213398e-02,-8.620855819848215196e-02,-1.331753003637500821e-01,1.118697123545222757e-02,-1.110068869512656486e-01,-9.347939359724963260e-02,1.498189107537648279e-01
1.324961024001753418e-01,-1.013002476422383419e-01,1.727603789500902626e-02,-1.067795406604168523e-01,1.811815124761063656e-01,1.937963576847370056e-02,-5.902677139657396682e-02,-1.435833562726470947e-01,3.663301019690176630e-02,-6.996784377569685402e-03,4.542809642387636224e-03,-6.979727099122554589e-03
1.444452854565904110e-01,2.870793505557220002e-02,9.216683710990906941e-02,-9.076341350498511040e-02,-1.281437384028173143e-01,1.024799282485436801e-02,-7.945750103462529898e-03,1.513754854199083066e-01,5.428747736594113221e-02,6.158665694410774688e-02,7.531654911640371652e-02,-1.412042865379484480e-01
-3.209559227631207656e-02,1.547507119773579576e-01,1.272284637328437995e-01,1.447890269628995807e-01,-1.602628096739866503e-01,3.090312624524415436e-02,-1.453270296100498682e-01,6.715515804491198337e-02,7.153353247442349738e-02,-1.244148648481839814e-01,-1.537240686089423949e-02,-8.202920854316167465e-02
6.244361356878980890e-02,3.922874947984971578e-02,7.025839717918141991e-02,-1.132848693159266007e-01,1.147624783969629358e-01,6.317524997185088032e-02,2.863956481435337917e-02,-8.473974744261686398e-02,3.020137409464202990e-02,7.295766007655172039e-03,-7.817767588659735312e-02,-9.152112531641115600e-02
-7.465780671641465693e-02,-5.161897339013043345e-02,-7.010175419847985978e-02,9.046625210388736793e-02,-1.484627719291876403e-02,2.657355825259097304e-02,-4.943801641907224348e-02,-9.137775330618083669e-02,-8.516958295864847373e-02,7.460341746214282921e-02,9.682920026994164264e-02,-1.416532492028966250e-01
1.358818562411401830e-02,-4.647275930769002861e-02,-2.178128095693672717e-01,-2.109737815802138761e-01,-4.464395281120608211e-02,6.677378672056123732e-02,2.674649755950609178e-02,1.697732612125565088e-01,-7.044489752486972345e-02,1.931167908716411794e-02,7.019961027641044571e-02,-8.599963845376164262e-02
7.094478717611162055e-02,1.882391574265640521e-02,6.189374209659199988e-02,-1.345197590236897611e-02,-9.087013767652855900e-02,1.969802844042580769e-01,-7.230466652675258954e-02,5.091581494644879802e-02,1.456138364970555599e-01,7.296361171280649205e-02,7.498482661825239814e-02,-5.578156932714449512e-02
6.082250463880182340e-02,-3.943193854017179589e-02,-2.363864232481099892e-02,-1.852570013261049253e-01,1.303310967364911532e-01,1.803317489948088048e-01,8.432569238498240083e-02,1.340959213661832572e-01,1.667618117058583815e-01,-9.655517104837424078e-04,9.035274203483822930e-02,1.314469793895407523e-01
-1.292704716292292499e-01,-6.575970160500205219e-02,5.076766795614826716e-02,-7.717442953114370119e-02,-2.683311158411932559e-02,-1.725397964758242919e-01,1.483582692079060961e-01,-8.417625995579357256e-02,-1.758579231980728352e-01,6.114646372702058769e-02,9.433475478065543596e-02,-2.971854305089510762e-02
-1.578653976070408527e-02,-3.561026347800446551e-02,6.572769388522804214e-03,-2.214920662248332228e-01,1.613996748305453199e-01,-4.451458000508473623e-02,-6.923849356598710258e-02,-1.046924092850435167e-01,-1.620036519333471758e-02,4.665602793795103898e-02,-1.380499823262969043e-02,-1.115358403079600852e-01
-1.946011962636880754e-01,2.043605881300389615e-01,-8.559927239564492363e-02,-5.553995418505834614e-02,-1.004979641495533649e-01,8.289974724167546716e-02,-8.252655229199004627e-02,4.456918473836637279e-02,5.547955012257955315e-02,-5.361765639615940354e-02,-1.338489779620518350e-01,-6.261366808331712830e-02
7.317609512459102850e-02,-1.213296287861676849e-02,4.104766650360938685e-02,-6.467449159474797371e-02,4.432515377410521651e-02,2.088861629144834198e-01,4.958954945062938463e-02,1.276893286563888195e-02,5.500677138196889693e-02,1.281966117780916070e-01,1.429480706816619595e-01,1.210667685248800474e-01
1.663533046968429796e-01,4.901686678151886273e-02,1.741892701550942779e-01,-3.990282742809059258e-02,-1.185995918061796307e-02,1.185899232891395039e-01,-1.975191268306378811e-01,-1.396666638433763374e-01,3.219484533018785594e-02,-1.558274608805725325e-01,-7.185565545282437960e-02,1.531106265024402280e-01
-1.464092697828350553e-01,-4.217503911054069909e-02,-1.218243321762751269e-01,4.596592591866447558e-02,-1.407311636793497425e-02,1.122710506824653454e-01,1.001166318276576761e-01,8.839204603244904535e-02,-7.590421368513389222e-02,-1.406033748658712945e-01,7.168658575022507362e-02,-5.739459808974191161e-03
-1.389771711158393867e-02,2.050355121901381861e-01,-3.321541319391492497e-02,-3.865779192152825339e-02,4.372751028018082714e-02,2.195655892441531268e-02,-1.325856134356437344e-01,-7.154255247697001441e-02,-1.546140334960922069e-01,-9.069449604300817980e-02,-9.667189677379192658e-02,-2.792306812842594577e-02
1.597505026668007578e-03,-4.316063512599570273e-02,9.129987329750453851e-02,6.928993170004485447e-02,1.259306049578666764e-01,9.402245050554657035e-02,7.691542185957735145e-02,-6.679592799721043028e-02,1.247388545298316193e-01,-6.523884001596340354e-02,6.726706271407438542e-02,4.449390727912020532e-02
-7.746639407955095702e-02,7.695890663200870459e-03,-7.262670990581363006e-02,1.496603346329449802e-01,1.788803260050684518e-01,-1.380555829906944809e-01,-1.407500539992685359e-02,3.327820690283168209e-02,6.982396652041092389e-02,-7.984755908559551529e-02,-6.649454394402009270e-03,7.740821832545143055e-02
-2.787649922445128645e-02,3.210882067649512700e-02,1.848733961220804523e-01,-1.851532502587891482e-01,-7.651559180215174172e-02,-3.585370497871939732e-02,-9.228674773891001881e-02,-1.198232429172060159e-01,-3.454703272306042933e-02,-1.773200449270465884e-01,1.698156983420321883e-02,2.775285294136722175e-02
-3.003388775998406396e-02,-3.753155064992667184e-02,1.306075655659220264e-02,5.469747769984213692e-02,-1.068532923426329939e-01,2.562151679332371965e-02,3.041582911252252441e-02,1.217966412109274532e-01,5.858032425338695684e-03,-1.010372095932690756e-01,-1.636130931531574323e-02,7.676877505482536390e-02
-7.986496586278404863e-02,2.148075406510462169e-03,-1.049249613896505590e-01,2.228800621041903199e-02,3.282532075526791576e-02,-6.760016017978585923e-02,1.129593844068736558e-01,-1.165266015916338431e-02,4.866464051698387791e-03,-1.069457665247374595e-01,-8.200640939355404585e-03,4.925972254703776115e-02
-1.041382229139837037e-02,-1.171757564737985480e-01,2.709214358139194409e-02,2.382733002247626117e-02,-1.503267929719219465e-02,1.548503662132294789e-01,-6.740272200802263636e-02,-1.513615109312826668e-01,1.415436770267845534e-01,-8.979535760012996581e-02,9.330148061440869667e-02,-8.087113729190437139e-02
-9.619659034864327940e-02,1.022717896674250615e-01,1.490206262603899212e-01,1.207206508054634725e-01,-3.574045608837373832e-03,7.680113186188008978e-02,-5.559584122268208112e-02,5.336370940389154049e-02,-1.373273700168489188e-02,-6.001577823977227721e-02,9.880500083845931980e-02,1.329183433585538927e-02
-1.132016361812752114e-01,4.405062281995936191e-02,-1.513740308231483200e-01,1.608371368790815215e-01,-1.017408442869183610e-01,1.075279543873077365e-01,-8.805823522130062919e-02,-5.895765167432584150e-03,-5.226831165461959944e-02,-9.506007814559447322e-02,-3.495869845899676233e-03,-8.724872385820961473e-02
2.277438079140455263e-01,7.810788173369276333e-02,9.911052784412673067e-02,-1.214999774891887402e-01,3.271556801274214804e-02,-1.377611613242138711e-01,-5.139106361227734066e-02,-7.824783542855017317e-04,-1.575234551779473857e-01,3.786570154628740581e-02,-3.043103847706903758e-02,-5.673523720802897685e-02
-1.343722680030805527e-01,8.504763039071631947e-02,-5.323124734115056850e-02,8.255358985146661610e-02,-8.028550367876217952e-02,-1.747950924989186139e-01,-2.567895797652821471e-02,-1.211300343645881628e-01,-1.798064174345628541e-01,-1.101875711805927749e-01,1.561423866956674900e-01,-5.738084292123833002e-02
2.000546116286160969e-01,-4.418218847843878236e-03,1.275730874214608679e-01,-1.053793913650403896e-01,4.952293908682319640e-02,-1.507018750583825617e-01,1.545244471901894567e-01,-9.281426743599067997e-02,-7.032177838675872372e-02,-5.113418592448874117e-02,4.372716018987783670e-02,-6.010432005582676956e-02
1.208407801769532525e-01,-8.106578941315167874e-03,1.199649248159346954e-01,-9.035366064802000108e-02,5.331887438967553017e-02,6.606195597813117881e-02,-7.920856047981141013e-02,-1.361073718978675524e-02,1.598164735677468778e-02,-5.391338043298365967e-02,1.523512021638544905e-02,1.106888915172440369e-01
2.809324445283151173e-02,-5.476066840856401441e-02,-1.485222928807038156e-02,-9.939092472287196223e-02,1.631736184037379522e-01,6.956530866999965923e-02,-1.408320926201625800e-01,-1.510431198409589726e-01,-4.571617891940357031e-02,-6.752695309253972655e-02,-9.722193890776904823e-02,8.255743943995340339e-02
7.073220183322695420e-02,-1.487010588811597811e-01,-9.795951361646548783e-02,1.171937766046183271e-01,-1.059237581122867006e-01,2.063010425166498796e-01,3.719678272229891280e-02,1.196687448472093795e-01,1.718679847059051760e-02,9.062577497773405266e-02,-1.196212584625876985e-01,8.944728814159590147e-02
5.264179155223116385e-02,8.742692874992168128e-02,-2.013838041745169907e-02,4.072638410384174512e-02,3.139261630796832264e-02,-2.498927383104678976e-02,1.678751785746100678e-01,-1.156067294688877811e-01,-1.264960991002782864e-01,-4.299929211276296015e-02,-4.366511678348790337e-03,-1.453286500672205384e-01
-1.141086368346034691e-01,3.900674215363312408e-02,-1.820354599001919593e-01,-3.929213529788368187e-02,-1.769504635599350728e-01,6.847040852160041213e-02,1.316166766750785089e-01,2.365645921535602589e-02,8.173332620548696970e-02,3.852656885089974712e-03,-1.112990030294689486e-01,-1.419183480344794746e-01
-7.109940349495209866e-02,-6.998621184563715014e-02,1.747133982049310919e-01,-6.117893435644077699e-02,-5.963921134800093810e-02,1.282620278875132025e-01,-8.130212044998587698e-03,-9.448871720247391248e-02,1.476574110308453286e-02,1.192999642791233716e-01,4.419354749942557004e-02,5.178566273764030614e-02
-1.329966037045804406e-01,1.048533297207446258e-01,-1.893585359468066276e-01,-3.383009671717168015e-02,5.785277589617397048e-02,1.054070476179499033e-01,-2.610506355822101582e-02,1.841768022060449872e-02,-1.247017750111095169e-01,-1.432704224555267011e-02,-3.021820411809780435e-02,7.024475916948526300e-02
1.131297920947277047e-01,5.708780445442979481e-03,-2.272919057607059382e-02,-1.474589082683924746e-02,-6.540561704218954275e-02,1.915620587816194847e-02,-6.318463383543337919e-02,-4.172380800722293170e-02,1.670782026957296496e-01,1.727750858360949798e-02,1.541992309709020736e-01,1.369066686189360504e-01
1.612387554080435201e-02,-7.291204064244539984e-02,-8.262044152474881664e-02,-1.210498052043133960e-01,-1.492982771504754169e-02,-2.561196539545421494e-02,1.020527325223670109e-02,-1.664163479478054097e-01,7.021674465460671366e-02,1.604329355399433110e-01,-1.021195453314147211e-01,1.146471901242050208e-02
7.406497488338997792e-02,-1.829583680801249446e-01,2.249787173949841235e-01,1.231643916149135487e-01,1.070418955511191622e-01,-1.148935776882409887e-01,-1.636327755945095053e-01,-1.059476040078381892e-01,8.377904891053343517e-02,1.474383430540914808e-01,-1.885206399318795079e-01,-4.402168952908426351e-03
-1.644135534451388603e-01,9.284504243324233352e-02,-1.824221541176831718e-01,-2.485362344280752853e-02,7.876547299584428508e-02,-7.246849424807432806e-03,4.578556834692878996e-02,1.374481659499004471e-01,-1.621888245355039559e-01,9.889697341979508671e-02,-1.034382103753860999e-01,-1.158468079958916153e-01
1.179741999150656362e-01,-8.495428745096239576e-02,1.162629795595561122e-01,1.504442259850169439e-01,3.713591346973656865e-02,4.076531368962205137e-02,9.658419652715874090e-03,-1.908210892647587906e-02,6.125157892894737832e-02,-3.608556275453447988e-03,-2.389504003278591568e-03,1.302075558099470287e-01
1.344495638359206879e-01,-2.530633443635255109e-02,-5.912948630763100594e-02,-1.260394360278738017e-02,-3.362357334756577165e-02,-1.090265392082675477e-01,-1.409276292682493659e-01,1.347219456213633038e-02,-1.238383886670523237e-01,4.943271340539062697e-02,-6.338824355287574208e-02,1.701639881193877379e-01
9.201345186222185946e-02,1.722602632434475645e-01,-3.554806866904108853e-02,-7.147447898765132979e-02,-2.047200263839870360e-01,3.809390136106431679e-02,2.878286094455942065e-03,-6.394548280329910572e-02,-1.091656988638190218e-01,-7.520370903782572225e-02,1.702105382706158715e-02,1.041760107935779806e-01
-2.025862223992959399e-02,-5.546997498054396375e-02,1.016419079216687553e-02,-1.145059889970029138e-01,1.389234574492452523e-01,6.317042294698742115e-03,1.368765118270452372e-02,1.607559194692947668e-01,4.400312415397041738e-02,1.136082180730977748e-01,-4.179975224014290808e-02,-1.926339686462624490e-01
1.369362260644574891e-01,-1.780312582247477737e-01,6.263326898480535421e-02,1.809777423822410414e-01,-1.204512837516537732e-01,-9.341395702732195605e-02,-9.143209174761393609e-02,1.932018830434736600e-01,-3.588018646028113406e-02,1.019721387433755039e-01,5.363033142758891203e-02,-1.081112872713986123e-01
-6.765981978560077492e-02,-4.949662938866292020e-05,1.356736881095024598e-02,2.719374902814442746e-02,-5.784678695531136894e-02,-1.222474648046747436e-01,2.403524158151750661e-02,2.271468177700719862e-02,4.422131191451321094e-03,-1.312904451544619211e-02,9.782165642383532089e-02,8.668447118144237407e-02
-6.970171356329546430e-02,-8.578271863222275417e-02,-9.451879013539178642e-02,-4.450498940891343957e-02,-3.840247923723149465e-02,-3.506014154264084498e-02,5.061237966287947254e-02,1.216840611039394504e-01,1.761196035767285117e-01,-1.783667043271267572e-01,-9.516015143410908039e-02,1.417416954179161748e-01
-1.014050763615557136e-03,-3.158632323528175884e-02,1.059259015625416966e-01,-2.050607473440405337e-01,2.375429688736302100e-02,1.514091281330860461e-01,-5.266284085998322595e-03,-1.725192918106786127e-02,-4.669112762575558517e-02,4.138119569605997611e-02,-3.492102457689841982e-02,1.007214560506531076e-01
1.233421823421698565e-01,2.889884041145557303e-02,-4.054794305059798709e-02,7.795381555521926908e-02,-1.561173366748635216e-01,4.206085760977543164e-02,3.767989723550727033e-02,-1.456181938453481872e-01,8.298773197855430217e-02,1.507951962546746037e-02,1.172414388497377558e-01,-1.216503702863438452e-01
-1.501302308189823020e-01,-8.733306164993258347e-02,-1.188880642999128393e-02,-5.315178401989435059e-02,6.545582715780673411e-02,7.586883760999578452e-03,-6.440915007678256476e-02,-7.667449787687563578e-02,1.910058087948669422e-02,-9.917884632501634823e-02,1.548910573234067722e-02,2.694693379326454016e-02
1.442579916744159696e-01,-2.353253853063900017e-02,-4.048064304657277013e-02,-1.730381547990529345e-01,1.756332993774578632e-01,1.005426344364202494e-02,9.892051951272128052e-02,-3.459985303128919332e-02,-2.142634492065577378e-02,2.096830451037447890e-03,-1.007044515011932817e-01,-8.052595780024467131e-02
-1.227268304635352469e-01,1.972268390811735342e-02,-5.798235734837895936e-03,1.004188873148504496e-01,2.903544346223184067e-02,4.483916615185229437e-02,7.524886831524565944e-02,1.281692949559989636e-01,-8.935731907050716016e-02,8.661065754279197171e-02,9.191498175574837337e-02,5.098086606536007120e-02
4.819419600380596413e-02,9.906830313567614732e-02,5.063800046006269179e-02,9.566630513924043178e-02,3.846071879082713779e-02,-1.902158576950383484e-01,1.755288181845214568e-02,4.637646463876682335e-02,-6.774949218403225615e-02,-4.245820456404626048e-02,-3.350332467866304342e-02,-4.104663246858510084e-02
-6.278558710563067469e-02,-6.917219273442212768e-02,-2.980535745754335150e-02,-1.303050182714874938e-01,2.774217219433729523e-02,-1.542606943379326231e-02,6.149527598860469318e-02,-3.921051322021380965e-03,-1.009390975895666370e-01,-1.795723459565656951e-03,-7.320680525423348128e-02,8.320462102236905744e-02
6.687667350563936131e-02,5.576146680157099966e-02,1.158869048465088480e-01,-1.464386699941380710e-01,-6.158336846533074560e-02,1.943572132200971636e-01,-2.386303900493134400e-01,-1.488369653907541390e-01,1.664852447416589887e-01,-9.078242293890129155e-02,4.950243021786379649e-02,-1.628764150236326411e-02
5.234041013647297569e-02,-7.202818126810897614e-02,-1.490281652366061416e-01,1.544537233631790851e-01,5.664126669386471830e-02,1.293923957680094550e-01,4.610881079043924885e-03,-1.088987399172853948e-01,-1.386067542989776191e-01,1.180361503233397572e-02,-9.382774951435014776e-02,2.599839472531995446e-02
-1.114736838709932815e-01,1.853403685014138047e-01,-1.482888935944601076e-02,-8.675204064760647094e-02,9.399590377522920592e-02,4.651976233224322521e-02,-2.879503048460253442e-02,-5.486658840077282551e-02,-1.125468717640954047e-01,-2.256981158983715346e-02,3.586379641507351362e-02,-1.095669992343010213e-01
-5.773392473047335438e-02,1.781884666850001020e-01,-1.253600152006482948e-01,4.716780993854223503e-02,-1.317072277897645971e-01,-2.159545725830304130e-01,-3.131652595008607709e-02,-2.405379364665444566e-02,9.180332958245224217e-02,1.272468729657466879e-01,-2.852609903551408393e-02,-1.667598571348833658e-01
3.391918854084600976e-02,1.946867028634865771e-01,-9.923718567993827788e-02,5.935627856497744520e-02,-2.109278479277057125e-02,1.110697539174649862e-01,-3.203468653394560793e-03,8.949937739707966577e-02,-1.515130915649498811e-01,5.560354117340952917e-02,-1.522768654581474132e-02,4.305862870792259711e-02
-5.436250745159695169e-02,-3.147604023854447958e-02,1.596861776659099785e-01,-1.011101157349638680e-01,1.103974886724757992e-01,1.190281192698050966e-01,-8.309007742263413432e-02,8.908802002147822585e-02,1.037198643068782816e-01,-7.709758361001861626e-02,-3.232262502546128652e-02,5.797113733494110854e-02
-1.256390177494878524e-01,-1.607414250732471794e-01,1.487177062464189459e-01,-3.456384964928300302e-02,-1.627095686041011013e-01,-1.542479107937909655e-01,4.780616364186519168e-02,1.179053557263942849e-02,1.733026782328885365e-02,1.253316757042448604e-01,-9.643178397894104636e-02,-1.146106069459969234e-01
4.835584410129174088e-02,1.671248008956003617e-01,3.391917402618527862e-03,3.801438008218901293e-02,-1.634363543393659857e-01,1.506222721828210931e-01,-4.306868169675136249e-02,-1.012769633030156935e-01,-2.195354322604731179e-02,9.727138010557882450e-03,1.101021094618334084e-01,-1.116104402514152549e-01
6.005099212409628628e-02,3.626709588370082005e-02,2.003812141776497580e-01,1.487770652737215316e-01,1.324273820759415965e-01,-1.540224657036078082e-01,-7.522143606068711075e-02,4.878369764876817199e-02,-6.102651162727057432e-02,1.971001351644882313e-02,1.592419289387543915e-02,5.923879458093697647e-02
-1.383389684240675377e-01,4.937298680790138360e-03,-1.689881945710270117e-01,1.957499406221211158e-01,-9.459044719153322789e-02,-3.511495043440121533e-02,-1.782161417138591053e-01,5.266121375031203311e-02,-3.006376058872790163e-02,-1.066157591272489172e-02,5.045488417810239413e-03,-7.558119929554210636e-02
9.861951065760432567e-02,-2.814471764204142662e-02,-1.179160276903178511e-01,-1.219546795428970987e-01,7.726775433620733380e-02,-6.393965524274825007e-02,-1.018661233455264020e-02,3.271392387209137720e-03,-2.793084926150871204e-03,-4.574614646781468424e-02,4.437273675512094437e-03,7.731087043401359271e-02
1.298897471189497943e-01,8.430064261407943516e-02,-1.307970828926600104e-01,4.921683293701849260e-02,4.239997222493457896e-02,-2.071660327728638493e-02,-7.113033798208377723e-02,1.116887217439224422e-01,-1.054728290296263332e-01,3.431931691895764164e-02,-1.399788796036286267e-02,5.344777872126903889e-02
7.647677787057363674e-02,-5.806812830959526273e-02,7.883161243891359526e-02,1.047027691533826133e-01,-2.218489350939323312e-02,-7.355914612541337820e-03,-8.620781980421543533e-02,1.319750419179500922e-01,1.165156124366437118e-01,1.791986885898179116e-01,9.435737622695052063e-02,6.204192955984286217e-02
-4.957720593929765274e-02,1.255995493234341245e-02,-2.355777188074948125e-01,-1.651297576870195127e-01,-3.438031078630064685e-02,4.747219937655652172e-02,-1.703105716044106266e-01,-7.203023637186999062e-02,-1.315897141833398953e-01,-5.012064681667424693e-02,-3.985770627537827543e-02,-4.666968280611036302e-02
1.328946321776915407e-01,-8.130290387643837602e-02,1.638968837745350196e-02,-1.295267345563016204e-01,-8.067382805456064371e-03,-3.346554591459998534e-02,2.088493937028527633e-02,-8.880260897082876970e-02,5.477336969120008558e-02,3.175000307256677784e-02,-2.059686795520182523e-01,-1.384209028414158660e-02
1.234983982680784402e-02,-6.047247975471359976e-02,6.460884391278014227e-02,3.627982104753144088e-02,6.138629360730460394e-02,-7.919530205164293513e-02,-3.309344992020030879e-02,-1.731769467433402210e-01,2.469828616280133129e-03,1.116248466922449140e-01,9.489852877046296709e-02,-8.369079655553809949e-02
8.159569860472268288e-02,-9.547050229290357515e-02,-8.637612920873181943e-02,3.200344301978516603e-02,-4.015740328894905299e-04,5.331810044460613685e-02,5.450148094642603969e-02,-8.160828727234201163e-02,-8.840973008725178800e-03,-3.114313000977538687e-02,3.104659064561431352e-03,2.068217381861468807e-02
-1.060881243326508849e-01,2.263766533750975751e-01,7.506143310787843914e-02,-7.079059333034685986e-02,2.035334211300953572e-02,-2.844875023211257403e-02,1.703639899647729217e-01,1.378291615072121945e-01,-4.431088816784243406e-02,-1.125010946754542579e-01,1.107073766012084404e-01,-2.059683194943051354e-01
-5.748939491245071143e-02,-4.336071211289178190e-02,5.163689901772183788e-02,-8.108673744053143673e-02,-1.053137950564467379e-01,1.145715634054501608e-01,6.042325638604647414e-02,-3.679009635243336851e-02,2.882002668521071315e-02,1.562903745659315891e-01,8.202830813019583445e-02,6.214988058753073003e-03
1.397920276941051199e-01,-1.448387296403769176e-01,1.451172432208520657e-01,1.881984500670250970e-01,-1.474991152259051697e-01,2.202669827491765542e-02,1.235326902487433320e-01,-1.032110773085163080e-01,6.170321190149974377e-02,9.050202036895179866e-03,-1.846653709416279723e-02,1.686330526077668146e-01
1.598621488573141181e-01,6.890520544787380464e-02,1.125421707925941261e-01,-1.093095218234651361e-01,-9.714802793496102318e-02,-8.277171205681894961e-02,1.609134535000373428e-02,-1.804209506654481654e-01,-9.395090131639673159e-02,-1.718814024554090880e-01,-5.489203094757555412e-02,-2.133800102560647841e-03
-4.202361609017590122e-02,-1.676781671867835777e-02,7.814511022032269438e-02,3.718226589049912489e-02,-1.514397294943270189e-01,-3.739498435686823552e-02,-6.568808678867338324e-02,-2.766109945848059526e-02,1.053937741062599548e-01,-1.628101919993822089e-01,-8.780231853055847635e-02,1.709148334293942584e-01
-4.784094989503390877e-02,-3.198073360080330718e-02,-2.351761143019050898e-02,9.117347915649040568e-02,5.264540727728524161e-02,1.028818786823578468e-01,-1.565893486188437919e-02,8.360958874937293728e-02,2.356303138523751714e-02,-9.599712226789493263e-03,5.307163205720531046e-02,8.808602276993980629e-02
-7.687264395252275950e-02,-7.093857108161724656e-02,-1.794140463070311234e-02,3.276350971972012693e-02,-4.569759770260947707e-02,5.491337101306041635e-02,-1.472810030750694721e-01,7.941829577495028436e-03,4.751420840518601565e-04,-2.506907976032916874e-02,-1.750773776885932720e-01,8.780953134687516370e-02
7.530373232077518242e-02,2.263409697550272659e-02,3.180951889440140033e-03,5.534972361722730744e-02,-1.022516214208209623e-01,3.259405088039915577e-02,4.412830220760927818e-02,-9.203644696595694730e-02,-2.587296289969785723e-02,-1.304883779981272363e-01,-1.783346692373042330e-01,1.136766775308029227e-02
6.426026341069882020e-02,-1.329544368608164273e-01,-2.254554585276572626e-02,-4.123992094931464014e-02,-2.142891329004086021e-02,9.362475702398462274e-02,-1.639391543542796648e-02,4.259413354261895601e-02,1.225369727072220666e-01,8.734506413324329144e-02,-4.379069390666943257e-02,1.388737297119021774e-01
1.096141352177080197e-01,2.676571558235167278e-02,5.731511092120094436e-02,-2.537151799370393479e-02,-2.484588805684540685e-02,1.110141364170450645e-01,-8.687549195354338227e-02,-3.710956363276901593e-02,-1.332393251459646766e-01,-4.202045963467436474e-02,-7.146569245617015453e-02,-1.115728704364240265e-01
-1.642985258377993307e-01,7.436250360415713745e-02,-1.915596298608854831e-01,-1.899754829774288802e-03,2.881846779760051380e-02,-1.808936603636456253e-01,4.827349040083171727e-02,1.278363374290450438e-02,-8.636179443188857219e-02,-1.513821287475874411e-01,1.566740448260714735e-01,-1.930345948375932451e-03
2.316625139589695639e-02,-9.214330595745476304e-02,1.635812992010559908e-01,9.352053917064198640e-02,2.887808420505551948e-02,-6.947417964760325970e-02,1.055137464539079584e-01,-5.007095184442484498e-02,-1.636677142411393365e-02,-1.622561437303163823e-01,8.855461124317402788e-02,7.449695910445215674e-02
-1.039856423862654394e-01,-8.148409717937750429e-02,2.313787341986139057e-01,1.729486444222140540e-01,1.158403254115784459e-01,3.335445790179279030e-02,-5.629414380132168050e-02,-3.969614754158115599e-02,2.425571960248626424e-02,2.675438628922041304e-02,3.610490201447533187e-02,-1.751528276744817592e-01
2.615864385859801092e-02,-1.647064384705428097e-01,2.092638898616791809e-01,-7.128593520082343593e-02,-2.468826432332598547e-02,2.955230960232049439e-02,1.206487806402524454e-01,-7.389855876727127737e-02,1.035947363408382393e-01,1.434488788205111609e-01,-4.584527923279401590e-02,1.603493212563924797e-01
1.073608455440155235e-01,-9.445097973113353307e-02,1.469881505394892429e-01,-1.975594823888232321e-01,-1.132446544919637338e-01,-1.726425254511665744e-02,1.165837852325116858e-01,-4.190651660680189128e-02,4.064497931904459405e-02,4.352867580936249647e-02,-9.799659955332353650e-03,1.344729338137827870e-02
1.194381418368150871e-01,-1.416688544330951642e-02,4.981899044969782808e-02,-1.769639941313791709e-01,-7.906294071956405933e-02,1.740690086490893629e-01,7.966376601702712668e-02,-1.601908528194493364e-01,9.940234361347152769e-03,1.321828147917991358e-01,-6.240309512364185934e-02,1.327019279230258302e-02
-1.379916927104941626e-01,1.221707550289119343e-01,1.721885665873908733e-01,1.299324711309226277e-01,3.332903136796596527e-03,-2.800436766448703013e-02,1.156261202103004010e-01,1.092609662126428766e-01,1.337010433219172623e-01,-5.872087395460028059e-02,9.558995084888938232e-02,4.611203854871071678e-02
1.128239433436747929e-02,7.250304934694702663e-02,1.035183578209769306e-01,3.049566497760825001e-02,1.358220373040844031e-01,3.139772207395991055e-02,-5.887991834916345840e-02,-1.452914719976659830e-01,-7.170228115739554764e-02,2.293367233653960738e-02,1.147856586747686295e-03,1.102025338720614804e-02
1.563710224987999511e-02,3.381689221954017888e-02,-1.308524760583902879e-01,1.192562797454433110e-01,-3.619900100289089734e-02,-1.976878909939781825e-01,2.954712682821414305e-02,1.909070928726491201e-01,3.250965882034712040e-02,1.340600150130635548e-01,3.858839350718411970e-02,5.330940847389233767e-02
1.517167188134197278e-02,-7.168074824750496343e-02,-1.116749926820761879e-01,-2.098913217974085754e-01,5.395142608748878382e-02,1.827544805190637472e-02,-1.024724293620376953e-01,4.813471075903340279e-02,1.447661748032809115e-01,1.250806043852790150e-01,1.807890279129611977e-02,3.911042095133665519e-02
-9.451575902283458619e-02,-7.901651039795019871e-02,-7.991581261003820325e-02,-1.397283189588259256e-01,-1.158223267645939504e-02,-2.619076290175332417e-02,-3.734098772335663757e-02,-1.837808369688334886e-01,-3.187877800547853687e-03,6.447052265316627340e-02,-1.458073948123843888e-01,-4.030475027623531964e-02
1.115916006824904799e-01,1.258981879892678568e-01,-3.897791379203387890e-02,-1.448867116805926114e-01,6.378163290115693163e-02,-1.595435623534551262e-01,6.699940523801563297e-02,-1.151499887019912516e-01,-7.371784878255181750e-02,1.583148443034773645e-01,8.840606219535897259e-02,-7.678609782763812230e-02
-1.762845225852836817e-01,5.663698249182477773e-02,7.164429967057681092e-02,7.770345999302252782e-02,2.793355826707563661e-02,-9.003206219910833696e-02,-2.899063724727715327e-02,5.299238763299339572e-02,2.037423885437565640e-02,2.253614099672071602e-02,-2.853078793899600785e-02,-1.895961723541070981e-02
3.325026971888931510e-02,-2.139069512434185402e-02,1.268378727851398047e-01,2.087530436325389926e-01,-1.063422942475632099e-01,-1.108463920354774840e-01,7.395802812918671199e-02,-9.549961410957866215e-02,-2.510812670082533671e-02,2.037990741706770248e-02,-5.090271512016388000e-02,1.308985348210044662e-02
-1.264168324087266331e-03,2.109336608671169289e-01,-1.257713102232373148e-01,6.885416475949716897e-02,3.984331633187711275e-03,-8.960097844114534027e-02,3.963315110843945721e-02,1.447370012836808884e-01,-1.284412528355110272e-01,-1.129147843234410975e-01,9.151512739758906056e-02,5.170142856595147385e-02
2.296397132484288839e-02,1.205174970208580248e-01,9.165115092770925731e-02,4.821661344390373166e-02,-2.737670098214911238e-02,-1.702553841059248618e-01,-9.401592044498426060e-02,-1.167942713073579220e-01,4.551483992321875977e-02,9.620237499668568559e-02,-9.795850319171349463e-02,2.643112794720305081e-02
-8.803981148615611096e-02,2.049998530748784187e-01,-1.841677478746829300e-01,-1.349934389812155501e-02,9.014727421832850057e-03,-1.139130299154541837e-01,-5.575338546791599320e-02,-3.843125103651704594e-02,-1.141396644849070052e-02,1.694798524065281239e-02,2.927341709483775173e-02,-3.272738927958783461e-02
-9.750051143525913233e-02,-1.322728114812375122e-01,8.259912022405113685e-02,-1.208175458504430755e-01,8.961503055831519793e-02,3.819485358017985638e-02,4.343493968005403966e-02,-2.122563668734351369e-03,6.335220566496521655e-02,9.161767342295229488e-02,-7.841864168841621019e-02,-8.281725001605853842e-02
7.965400520706485132e-02,2.968533468442499310e-02,-4.322661467957236714e-02,1.617924039131661273e-01,-2.108562405765975617e-02,2.007203152300667676e-02,1.656130650032245355e-01,-1.180935010300964740e-02,-5.173082034257345946e-02,-4.148018963199572723e-02,-7.732905308565124480e-02,4.014408825739434854e-03
7.345870901145466758e-02,1.684298876661291175e-02,8.501476871901454679e-03,6.041853524367651190e-02,-7.776453557630280677e-02,5.363915092468326401e-02,-3.181809211139514232e-02,-8.507673783225790098e-02,-4.758895456945273772e-02,-1.217974921750751560e-01,3.571395614047086220e-02,1.349206922176728572e-02
-1.269331526931999354e-01,-1.535294835389635348e-01,-1.455596424184296168e-02,1.428776139869200046e-01,7.437891998678919370e-02,6.517371731419499548e-02,1.283453997312061223e-01,8.700304478764721294e-02,1.612041036956361056e-02,-6.424913211166134730e-02,1.265780602111148123e-01,2.447701846628916756e-03
5.031731842673588251e-02,1.676390238359041218e-01,-4.555868631648575529e-02,8.548874219336631552e-02,-1.490872553384786359e-01,6.300508611843760876e-02,9.252189696446571493e-03,-8.129846696261398831e-02,1.320329482074608651e-01,-5.435822671049376359e-02,-7.691304091260448006e-02,9.503896220285081367e-03
-2.524816204610778533e-02,1.879708136336051549e-01,1.277814019979081617e-01,-4.773149310437046350e-02,7.054084423766698864e-02,6.436644644637193324e-02,-4.639171169933758998e-02,-1.059275999360268228e-01,-2.765846402878949228e-02,-1.866467489900647259e-02,-6.395751465152448023e-02,3.657527983123992198e-03
4.448157115266541256e-02,8.960286845264391065e-02,-4.736841455108090071e-02,-3.721011585208882505e-02,7.672433549978617540e-02,1.602982652649862991e-02,-3.517284557396760380e-02,-1.593179867699173191e-01,-6.737933716542678086e-02,1.094943576275407907e-02,-1.130299464328087256e-01,1.321377401963937104e-01
6.314999288010900158e-02,3.816252657532582387e-02,6.195365969451894356e-02,-8.032053927656133963e-02,1.051565973049204822e-01,9.000343033921258395e-02,-6.829344634297002115e-02,2.257793625003822954e-02,3.174098457533664625e-02,1.449486917366999252e-04,9.561134715395611106e-02,2.489492263656389523e-02
-1.372977650837070851e-01,1.797014355954916209e-01,6.556043146902752750e-02,1.815686454800352068e-01,-7.531285503539927872e-02,-4.534589649014331841e-02,-1.280472327291996282e-01,-1.247457637117811019e-01,-1.915897579893789393e-01,3.454715292018166461e-02,8.070559744947526648e-02,-9.427877917542433484e-02
-1.065437513916808743e-02,3.478773723495043324e-02,1.116995098501451650e-01,-1.680560180257438252e-01,-5.998932484626381262e-02,-4.163815779428725605e-02,-1.252401819623764623e-01,1.465414969482432272e-01,1.252348651726349973e-02,5.782943501586526591e-02,1.923928054391139605e-02,-3.169593385985876310e-02
-7.495728288265660066e-02,4.417891046864958621e-02,1.199895809137993125e-01,1.076700556462703018e-01,-2.697863722955762961e-02,7.363622662735289093e-02,-3.743648297341455045e-02,7.923158978857185175e-02,8.357562551066333167e-02,-3.157551879315646098e-03,-1.536166163651586924e-01,-9.159590961613466031e-02
-1.457236873229485717e-02,1.226719419185486326e-01,1.421338476366023652e-02,4.877034948873337772e-02,-1.583317507924872358e-01,2.086459488127766562e-02,1.173025290159778883e-01,2.343521942915446910e-02,-1.069000720767836754e-01,-1.346012579288083655e-01,-1.391315550520318134e-01,-1.513097079144193058e-01
5.907135755930770227e-02,1.055975002749502678e-01,-2.603775206288434438e-02,-1.671800902927972621e-01,-1.016069938616164653e-02,-7.797856178342064959e-02,-3.268090893317950052e-02,-4.713550722461051778e-02,-5.101181707537618543e-02,1.032371537927751215e-01,4.544524132861533366e-02,-9.813333996259172853e-02
-3.446759587795975716e-02,-1.531848318686049315e-01,-4.215157173448284833e-02,-6.652517636931123968e-02,8.460724510128331266e-03,7.294076778839539421e-02,-1.936953368656645080e-01,3.068632362144490394e-02,-3.500635870342139189e-02,-1.052538503764810229e-01,2.019124352569441269e-02,-9.010917317334532495e-02
-4.753403469867603648e-02,-3.775486132288807806e-02,-1.671810097715465682e-01,-9.477915117540808287e-02,1.867096251906856519e-01,1.030196722825466316e-01,1.106707273990995277e-01,1.332301114650856141e-02,5.249893485842530017e-02,2.399369269963032292e-02,6.123549883235200608e-02,-8.174475266059773315e-02
-2.516173813837713213e-02,1.915828666723524143e-01,2.610273078120060181e-02,-5.590121790015568914e-02,4.054687177688815619e-02,-2.010684443821357374e-04,6.484717333824652902e-03,-5.974083574633912153e-02,-1.198176222036687610e-01,-3.191000405721221289e-02,-3.354769484381202749e-04,-5.988019854727258395e-02
2.274941911799452723e-03,-7.042889726991120826e-04,-3.291817743981301312e-03,-1.218240723432685857e-01,6.115573159604228287e-02,9.092884180749766579e-03,-6.667341339971263880e-02,-1.774660501978043980e-01,1.227994591408521213e-01,5.901924080452124882e-02,-9.950784374855488335e-02,-4.963804504666230466e-02
-7.053823573947083647e-02,-4.092906649734910640e-02,-1.458870318549081724e-01,1.532364960285104993e-01,6.013756714161147543e-02,-4.590543563945038985e-02,1.745679859597288330e-01,-1.417698426021921365e-01,1.017543541156738923e-01,7.577325919718402858e-02,2.672823907857090064e-02,7.756442925384283982e-02
1.518801768530100293e-01,-6.343868679337616445e-02,-1.116007699075030196e-01,-9.980997407012849598e-02,-2.954804432218572155e-02,-5.393692627269196932e-02,1.091263300759158228e-01,6.577734839864039784e-02,8.275269952764133241e-02,2.515196160544210316e-02,8.905184589361339609e-02,1.801376497441027347e-01
1.718032141833928661e-01,9.438256328559001263e-02,-1.264147247788535711e-01,-1.438495546594119878e-01,3.594037381668022113e-02,7.763613188295490075e-02,-2.837183548994826662e-03,-6.600621368752410123e-02,-1.219036614957629550e-01,9.948654382047229794e-02,4.014558972069642157e-02,-1.708691542044619982e-02
1.719463943961809238e-01,-7.857519984362253129e-02,-5.327645376696935574e-03,-7.563435958020131578e-02,8.065411335470966392e-02,-1.071968638713000598e-02,-1.256605591358456453e-01,1.459751079107352023e-01,1.184238479048786430e-01,-4.444810155104900184e-02,4.870178788716020279e-02,-4.256046351564900763e-03
1.913455760357832616e-02,6.173950541067853987e-02,1.692939030431870120e-02,-1.179793096032709376e-01,-1.965790121256807688e-01,1.204086017929854001e-02,2.264996856363832647e-02,-1.836982392628180027e-01,1.654464158996871159e-02,7.636744411529763910e-02,1.441288239688941208e-01,1.434779751572003159e-01
1.405572160922780034e-01,-1.748320220235213482e-02,-5.221214697178314101e-02,1.638066700529799968e-01,2.508340676064344660e-03,1.663286741915734890e-01,-1.242755087524368834e-01,5.260948268537348621e-02,-1.218761092113268690e-01,1.607974859411433199e-01,-1.792150111607059282e-01,3.811861675906234870e-02
7.973561187199482148e-02,1.361558855754269222e-02,6.195215592163799689e-02,-1.636003070519566616e-01,5.360119272063281620e-02,-1.593367455463603755e-01,4.653205617935623345e-02,1.601413358211859761e-01,-8.821281469872740977e-02,1.074516345851984356e-01,1.070872493240315887e-01,1.205678708431440066e-01
-6.020569801739979188e-02,7.105880262235764189e-02,-1.493678269617511600e-01,1.393999571926555492e-01,-7.644617957139992516e-03,3.415176526642447336e-02,1.682216987046048495e-01,3.543674195170058716e-02,-1.294707553856309090e-01,-4.077373800621851563e-02,-4.604291426738985060e-02,7.004646375375946088e-02
-5.847043915239971690e-02,5.109659659940077314e-02,7.833059837072278708e-02,2.820824984078559167e-02,5.418307758093385273e-02,-1.649461653723322263e-01,-1.250028082308189854e-02,2.083414255433903989e-02,3.209215018798676489e-02,-1.108001548380370752e-02,1.906300540532928911e-01,-1.045872839775085494e-01
2.185923864133174424e-02,8.954021814046006500e-02,2.238590255808246138e-02,-9.514111172645542402e-02,1.590229701633428805e-01,-2.107460637651963412e-02,-6.878591154537228025e-02,7.514729075849169160e-02,-2.193143408624434465e-02,-7.968190495301709147e-04,-2.261273592961254852e-02,2.758538964228774131e-03
6.309993202492052145e-02,1.370251032226634524e-01,-9.749524731712742864e-02,3.159499030679489145e-02,-5.842301868013166644e-02,2.538308000262711958e-02,-1.299575127682403852e-01,5.795918133192307781e-02,1.115209812635627878e-01,6.459316370401906038e-02,-7.834330809668275941e-02,3.501983361628070723e-02
5.832436373899281545e-02,1.735177026417959456e-01,-8.361607091031507399e-02,-1.330675267334631949e-02,5.109755356313188529e-02,-1.529289903608211099e-01,-1.358616783188456023e-01,1.024536994522710909e-01,3.454945247255410828e-02,-4.981870665645243834e-02,-2.792999734118721544e-02,-8.116248247292030815e-02
-9.421561774478037776e-02,2.699632452770640151e-02,-1.117394948512479419e-01,8.555642160802924556e-02,-8.867382373223103853e-02,-6.836910912793434103e-02,-1.834736946906902477e-01,7.488530518827253048e-03,-4.213963772999330948e-02,-2.481601125362190366e-02,6.195465678369733303e-02,-3.828562482341950346e-02
-1.439738633663892320e-02,1.220201310272401168e-01,-1.046636569509044601e-01,-7.536348169701247157e-02,5.069283928342423196e-02,-1.772867267611850373e-01,3.889950447908950559e-02,6.467267031913934150e-02,7.738730738358026717e-02,-7.496040194608946661e-02,-3.558029482136994964e-02,-1.629683613536232409e-02
-5.958690893790393600e-02,-1.055752638797460286e-01,-4.659360185800999477e-02,3.297517995833762483e-02,-1.044480320131632722e-02,1.563247189586227520e-02,6.795618389069123244e-02,-1.521461821953143737e-02,-1.201555150247317627e-01,-6.186519130288316987e-02,4.778936407772003958e-02,-7.737191868466804234e-02
-2.230196262976604296e-02,1.985865937077223031e-01,1.349963468411135015e-01,1.782218375328388227e-01,6.838570587414811996e-02,4.523800945574359134e-02,1.408607963749126391e-01,1.872718035893138344e-01,-1.090301208633705360e-01,9.366006725259230781e-02,5.643333733190225056e-03,1.013365821876319184e-01
7.354107492319848782e-02,-1.089659986052194090e-03,1.233851667451497935e-01,9.940021690675054922e-02,3.103724763756669780e-02,9.972010797832621051e-04,1.258645293732979509e-01,1.182188581052413812e-01,1.266267992792378672e-01,-1.613121354737856450e-01,-9.869606790444176991e-02,1.540005943667876742e-01
8.549026297077964853e-02,-6.450300678193666981e-02,3.059554579661467530e-02,-1.155872695375598572e-02,8.792423025073416165e-03,1.722783943602311518e-01,-9.336070159035031457e-02,-8.485861609092315572e-02,-5.835466654418856869e-02,6.211562507675464501e-02,-1.262768385123077541e-01,-1.084910764148990792e-01
5.606637265328213299e-02,1.700530992440441591e-01,-8.761674434143072732e-02,-3.622119807708978900e-02,2.416049692583745884e-02,-5.339450658335857802e-02,-1.860885259328507735e-01,1.287865439196567846e-02,6.463226375610066354e-03,3.037248636903095919e-02,-2.613083365391386664e-02,-3.041294595173530887e-02
1.561478342966343413e-01,-1.586592219674242410e-01,9.746028933607385480e-02,4.074250559427973484e-02,1.922065001171617896e-02,-5.737564043996126045e-02,-1.179667499657627294e-01,-2.742922653662501625e-02,2.557653520648379974e-02,-5.714555786820266908e-02,-1.154547701496615314e-01,2.393289952456608902e-02
-5.167967360569163809e-02,5.591706395487772846e-03,5.263729859192362720e-02,-6.452924005335883284e-02,-5.466778936358990953e-02,-8.978630242631188696e-02,-6.590397569194779426e-02,-1.152337689017127464e-01,1.502154216653087959e-01,7.997305839025108110e-02,1.564562283000764040e-02,-1.354809449698187729e-01
-6.144859804855547225e-02,-1.313510341106509903e-02,6.566461666503020655e-02,1.562786488821299447e-01,1.162757759690648818e-01,-6.587317159768300845e-02,3.144546524004797339e-02,-1.096169850581285403e-02,-4.479510811865639736e-02,-5.580103094702593310e-03,7.826898824636759067e-02,1.767587721706339321e-01
7.917968760571539311e-02,-2.492673881964566074e-02,-9.979280913325419555e-02,-8.285551492855079692e-02,1.765509015214506150e-01,4.528259959067922058e-02,6.751506991936074946e-03,-3.612439611228671077e-02,4.462148777442695446e-02,1.149440729789529964e-01,-1.779363358418170615e-01,1.877726886322783062e-01
1.590826511896659134e-02,3.030154712861022823e-02,8.130435308373723524e-02,2.487307540361954547e-02,-1.077666783420179880e-01,6.059471346655565666e-02,-5.413509315820082268e-02,5.480143668209989244e-02,2.506328876860203225e-02,1.130874453160723159e-01,-8.566535251039358867e-02,-5.008266913995445407e-02
-1.339272076756908292e-01,-5.337356800064620155e-02,6.328963166470763513e-02,2.490680574694822680e-01,-3.391274203514006713e-02,-1.182276777106899546e-01,1.349912410522043915e-01,3.171847649000524710e-02,1.269753417767554779e-02,-1.172577997892604862e-01,9.893414148172492706e-02,-1.029401541990756508e-01
-1.673285576696479510e-02,-2.230483146937882466e-02,-1.041226308098536918e-01,1.682866239581501389e-01,5.218374427134279264e-02,1.371333981709286221e-01,-9.491934985296103522e-02,6.961389403883549987e-02,-8.985532775277173256e-03,1.122641432326911271e-01,1.233870538483815803e-02,-1.160891201801670519e-01
1.578215458963927800e-02,-1.422094845092858884e-01,-4.057624677751150294e-02,2.466275230456984463e-02,1.568004664092012002e-01,3.596329135447323688e-02,-2.875942185771955192e-02,5.605747162538792655e-02,6.202751286488112498e-02,9.392922245206478116e-03,-7.230251941419296724e-02,-9.541344113630663686e-04
2.649535890635439442e-02,-1.276414456498635719e-01,1.372384233219771099e-01,1.876013512481880530e-01,-1.386745355841765420e-02,4.319538064154804929e-02,-5.932972292318825641e-02,-1.845394184916717140e-01,1.852929466729895114e-01,-2.068675494986442487e-02,-5.487016921215978615e-02,1.012847726737687720e-01
3.411423649128206281e-02,-2.006449615983883494e-01,7.333169022836531770e-02,1.589627347951063085e-01,-3.457887342385085327e-02,8.553129498865377767e-02,-2.387442499074875213e-02,-1.445169091663226768e-01,5.325836413834979244e-02,1.904235814584356173e-02,6.528623575087584563e-02,5.944386119118314025e-04
9.063776184654942503e-02,-7.710386234898788937e-02,6.516084276481019788e-02,-1.350830430926660830e-01,2.020887461488541370e-01,7.674092206397491178e-02,-9.155788439946527246e-02,-7.438740407026962764e-02,-1.360838060048332084e-02,-7.466793860498191146e-03,9.265286462854777083e-02,1.909715812729551876e-01
9.297837890425748875e-02,1.821003711198698471e-01,3.553768962590941882e-02,-2.091473844642168303e-02,1.129836837065892191e-01,6.759369525256848921e-02,3.110587199568802530e-02,-9.476738382582756970e-02,7.272536143899771544e-02,3.201758977428768166e-02,5.028928808500728737e-02,-1.988987662264631584e-01
-5.234989907493028255e-02,5.758092025625950738e-02,3.745369006625596381e-02,-1.495191223000966740e-01,1.730802295424034021e-01,-9.098991931315771053e-02,-3.753156584389683134e-04,1.827788669041021108e-01,-7.243396567213467030e-02,1.464851132788146798e-02,-3.436548941929729625e-04,3.841823353058874263e-02
7.142374052262370765e-02,-9.730524322662108261e-02,7.442856900909771561e-03,-1.040112656249788381e-01,-5.630663220309006789e-02,-1.909954290301870694e-01,-5.119157217600739385e-02,8.515633567717760533e-02,-6.339627516528476697e-03,-4.137197555034784202e-02,-1.060291613515356030e-01,3.997951849540658936e-02
1.310111338674464776e-01,-6.460625310419740308e-02,3.927775738875135397e-02,1.822757457529286182e-02,1.358270262247212590e-01,2.413183760900375688e-02,-1.232636895356142015e-01,-3.437065254998948605e-02,-2.139648531723706976e-02,1.327265191445701487e-01,-3.313076851189904887e-03,5.588144998672028158e-02
2.907874592463519439e-02,-1.561998680272347617e-01,1.350252059052625964e-01,-1.702629202481089482e-02,4.844508099371284612e-03,8.158485347950594768e-02,-3.594319330688502262e-02,-3.155589578575602322e-02,1.253188131184266585e-01,1.102885157020890572e-01,-7.425910556547676844e-02,-7.117985276615146351e-02
3.584819484299790748e-02,1.986747591662962609e-01,1.378881607777379670e-01,9.706702172760983682e-02,5.068285369520756506e-02,4.157766434353598467e-02,-4.547594764037665022e-02,1.790363402736139947e-02,3.450645284987410161e-02,5.991593096273834657e-02,-1.431407901936377312e-02,1.378788923333328365e-01
-1.350033346545987667e-01,1.016523317804412241e-01,-1.656929126723446360e-02,2.220546480224926816e-02,7.665756502303541775e-02,-6.845336326744870525e-02,1.455885922204352458e-02,1.537982760847586006e-01,-2.107175697954539670e-02,-3.809467850662102278e-02,-4.937242008256830655e-02,2.397773571806440657e-02
-8.232670994690644006e-02,-4.459497228519229001e-02,9.794798507307444710e-03,1.346095975217212644e-02,1.454308895627905718e-01,7.564219330462358670e-02,1.275494728274314538e-01,5.101687675627345452e-03,-7.828937233117611028e-02,-1.277140713777868974e-01,7.217889631795140412e-03,-1.012274821614359555e-01
-1.701737119107266660e-01,1.657109922887246151e-02,-1.157768301297572716e-01,1.260838076062012203e-01,3.938012629476304871e-02,-1.664505665761615294e-01,1.125344789749609803e-01,9.679761627779680244e-02,3.703792691392458064e-02,-1.218595180726135541e-02,-1.074744357553163443e-01,5.337771941650781837e-02
2.530226758056592848e-02,-7.677210964355499212e-02,6.484556922587948746e-02,7.219976327269111982e-02,-5.957395066065256095e-02,1.294066605488486954e-01,-1.591623451053360561e-01,-4.680823786452586316e-02,8.269545700545460898e-02,1.082962568093313038e-01,1.200638330795526371e-01,3.077124444993121696e-02
-1.168648211203884568e-01,-5.331495768683461312e-02,1.127314261308975663e-01,1.381784122358440114e-01,-1.698830844545657151e-02,1.565149222710780219e-01,1.529791635722095068e-02,1.541098837431426338e-01,6.750999358461476363e-02,-1.704655566689808888e-01,8.004500719037889456e-02,-1.422887333246797004e-01
-7.001651469475095313e-02,8.768773984174556627e-03,9.743925568095631803e-03,-5.123779750679422623e-02,-5.938380687047785378e-02,3.496967326506610074e-02,-7.204852623039691151e-02,-1.346058077012630798e-02,-8.627842418994181861e-02,6.552525828767703786e-03,-9.933298606696801258e-02,2.205244090950284064e-02
3.945784064300471294e-02,3.279389705322742488e-02,-2.093651703134909448e-01,-1.269114519779827865e-01,-5.784039926917953350e-02,-1.302196498889650854e-02,-6.900945440233310912e-02,-1.190051244446785755e-01,6.959198508531427851e-02,7.497388602830980242e-02,1.403747946022382009e-01,-1.432401459437567248e-01
6.367548659192300009e-02,5.462446851852327534e-02,1.313997674072417410e-01,1.439234814683270913e-01,1.452815345426511640e-01,1.519272842153600866e-01,-2.536135525290866138e-02,-4.281250863477047836e-02,3.049404746858718970e-02,1.741709900231122599e-01,-6.293506335578860633e-02,-9.567816815852696333e-02
-2.195811980385601464e-02,-8.281869528688548532e-02,5.825410016699575366e-03,1.964553794918763863e-01,-7.405218689057102566e-02,-8.419009892665538577e-03,-6.185370730935844117e-04,1.531864528246019430e-01,9.655054333776884323e-02,5.588531118939871895e-02,8.547578922393683776e-02,-1.542231353916950209e-01
1.649898869005223256e-01,-1.343049432519405340e-01,-1.686206338483315845e-02,1.361095122048917730e-03,2.348164119440122183e-02,-1.473825819267963466e-01,1.746949565765102963e-01,-1.161098454788195011e-01,-9.153806849195746109e-02,4.001234298010294607e-03,1.212423843640955123e-01,2.910757796275796963e-02
-5.312125439625474399e-02,1.101718113877928340e-01,-6.939384029485438921e-02,1.091438713869084809e-01,3.377918146187303822e-02,1.273884537843937223e-02,6.458233007087964619e-03,-6.852773283671033389e-02,-1.064655028545698490e-01,5.330780463448470813e-02,-9.994194724262896179e-02,-8.903608805469685750e-02
-3.213571175262223134e-01,-1.963905821488463599e-01,3.430261451596827715e-02,5.096140511233019366e-01,2.333589000487195503e-02,-3.106503455788269322e-02,2.078031391886208112e-01,2.510768112284373355e-01,1.613596489474497242e-01,-2.411762512928490587e-01,3.942620573594401989e-02,-1.203263077562859301e-01
2.619920608471785518e-03,1.504028778720448156e-01,-1.845125549523209951e-01,-1.825525130383220673e-01,8.041489207572578846e-02,-2.486525821184816867e-02,1.051004490754638976e-01,6.572367393081404718e-02,-1.201924747831297352e-01,1.479046098522722452e-01,-7.360307091182950734e-02,8.378346531427288690e-02
3.058420157203878623e-02,-1.010494179227784672e-01,-4.783174979153808487e-02,1.700442655153162202e-02,-2.791903748557400186e-02,1.328932035821558111e-01,-4.120467928081429252e-04,1.276500920223936908e-01,-1.805518949911371074e-01,-5.574118140771933821e-02,-8.095545195673764516e-03,9.479698871078143241e-02
3.281999239968279303e-02,-1.465591307564669266e-01,9.761403307154473130e-02,1.426658577589236254e-01,6.907451744007421512e-02,-1.069227818983094630e-01,-4.044207719684982105e-02,5.209669178390150673e-02,8.773658188025432181e-03,-2.383763624567317718e-01,8.807230618184340443e-02,-1.046668372204844454e-02
-1.273361147099491553e-02,1.305001368478770074e-01,-1.003971678016471747e-01,-1.133409896922243920e-01,1.495614013310185130e-03,2.347473209878227218e-02,-1.063352148631090122e-03,-1.499133883801159473e-01,2.875147359295079572e-02,-3.760287139733942477e-03,3.693260455048726770e-02,-3.305521182758772852e-02
8.423902495758131548e-02,-8.466515803704986742e-02,-5.935306976246004090e-02,1.433606301344133027e-01,-2.634529651743094600e-02,-8.119133146897361542e-02,-2.045270966804732873e-02,-1.724629787853139140e-01,-1.189231421435089503e-01,-8.996376941568284824e-02,1.313449176850719491e-01,-7.089836120117630480e-02
1.389213299881423280e-01,3.631990504333430791e-02,-9.380696919796202571e-02,-2.241940247218344173e-01,1.011082684957135547e-01,-1.644510182128046394e-01,-1.210319869607026366e-01,-1.080486969949680381e-01,-4.564456206319497666e-02,-1.018636069553946338e-01,4.491016476955554670e-02,-5.506303366198184168e-02
6.425897260312893322e-02,1.117972888815964849e-01,-2.193043506668925779e-01,-1.886004885659773450e-02,-7.934129757144069151e-02,-3.644392146846101022e-02,2.864430656988942864e-02,-1.967138077031416535e-02,3.456548516706228757e-02,-4.746993914884026222e-02,-4.747594100876609269e-02,7.798801856116396869e-02
1.110863177843737920e-01,-5.127379970549227062e-02,-2.389386803987586863e-02,1.328339357750652969e-02,1.362963037325956757e-02,-3.911575302213358973e-02,5.384312496523505770e-02,4.567518534608689534e-02,-5.278660096506306541e-04,-3.304130248781870366e-02,-9.582015668963574095e-02,4.050552259102443986e-02
-6.141785613496781454e-02,-4.714363334832145230e-02,7.821439877574662414e-02,-1.275088696171133018e-01,9.867200073176872477e-02,-4.395290431053305164e-02,2.172086301053015311e-02,3.539953426901810279e-02,-1.011982455735732783e-01,1.025828256100869557e-01,-1.885188928655611718e-01,-1.180108909650509352e-01
4.704068272341015156e-02,4.189337551367762480e-02,-1.446153079395342822e-01,-1.083605977141560567e-01,-3.199428446521366404e-02,1.033216568996530790e-02,1.665152663163557353e-02,-6.496727592986345501e-02,2.473725392233167356e-02,8.077054967194070845e-02,5.888398558842886793e-02,-2.169543188344917606e-02
-1.783472988867597364e-01,-6.346331998148485587e-02,-9.584048888179665104e-02,1.784159636141085803e-01,-2.175954670823850023e-02,-1.062979787345531696e-01,1.571125323547570563e-01,8.827161943607214623e-02,-2.821532068973438279e-02,5.516720100363319695e-02,6.493646216565534222e-04,-2.116955469929835687e-01
-2.331305561486558126e-02,1.446530286994884146e-02,-5.648157934947314884e-02,6.253095749251337543e-02,-3.643734085726967661e-03,-7.137949585866060209e-02,-1.705885103834512695e-01,1.515732744291760879e-02,1.707387947230522840e-01,-2.018304620626663187e-02,1.222507170791454871e-02,1.375746347681705284e-01
-2.006130308609688218e-02,1.041029856973227918e-01,-9.574687714758091384e-02,5.989152495315339803e-02,-2.944680525957367109e-02,3.309921882104124857e-02,5.788260216339494169e-02,1.154444802971947154e-01,3.033114604297249342e-02,-1.156569699198798234e-01,2.686696246433966512e-02,2.268661449255218732e-02
-1.387789764586972244e-03,-1.001045204530130878e-01,1.989248181547672023e-01,1.576178002331274086e-01,8.815307062335540900e-02,1.327127222053838818e-01,4.733649745946180015e-02,4.263426582609305959e-02,-1.215632343676171095e-01,-1.482305601164142228e-01,1.173812162485566996e-01,1.494451730345556506e-01
1.339539369814000125e-01,-9.222269411924043092e-02,3.810021302380089958e-02,-1.102134478269719414e-01,7.201673620207113546e-02,1.547900683412211376e-01,-1.850964676509436468e-01,2.746163899948338150e-02,2.787559791180536581e-02,1.378207686195099257e-01,-3.741237147657475171e-02,-4.554168850943765556e-02
-4.897232958073709924e-02,-7.451410927495683012e-02,-1.182335812849374113e-01,-3.955318105966088710e-02,-8.790688547561710531e-02,6.775194503321800565e-02,5.689098944618541792e-02,-2.324190006143262988e-01,-1.267446583098138790e-01,2.415669484076090473e-02,2.449696818025336870e-02,2.950783562308435110e-02
-8.700101966038402412e-02,-1.124136727569847588e-01,5.383781948796463081e-03,4.711615582307157601e-02,1.004636779633998611e-01,-5.218232440892341117e-02,-1.732545221938419644e-01,1.482635746494826989e-01,7.193389298845150048e-02,1.529517766565124948e-01,-1.210721465314478773e-01,5.251019168888595989e-02
1.211482415854293476e-01,1.962950013217367590e-02,3.807053062385169773e-02,2.875992403460082142e-02,3.263829952264167555e-02,6.379762339984396124e-02,1.478895699404766950e-01,-1.834034753782364247e-01,9.209541276387379904e-02,-1.022837092390642966e-01,1.143903911314325811e-01,1.765783380278566073e-01
-1.260655629111691878e-01,-6.290112639146679119e-02,1.917270848433949293e-01,-2.795453424430080144e-02,-1.279165694230924646e-02,8.866064903099721284e-02,-1.020755845484482525e-02,1.776485123083032247e-01,1.876107775592280869e-01,-8.540616580295709581e-02,-1.914373589497491701e-01,1.344623683403852743e-01
3.692671721622219766e-02,1.518822602939720323e-01,-1.242895231164254655e-01,-1.830042055844034454e-01,-8.390698362028697205e-03,2.020551069182628667e-02,9.250191178044105123e-02,1.585582687790054457e-01,-7.015527002654273854e-04,3.849788004229356964e-02,-8.170448700211120630e-02,8.419594430834011212e-02
-1.299194392570434953e-01,7.465730086153475609e-02,-1.219985423075364700e-01,-1.397217820302324442e-01,-1.976681206437323410e-02,-4.722708379720868405e-02,-6.649346941293692026e-02,-4.598329896461821747e-02,5.225318061416384628e-03,-3.217433067912879585e-02,-3.750075704191311449e-02,2.332316388305218785e-02
-7.104690159901264415e-03,2.433758881129235649e-02,5.934360232081879044e-02,-2.943452949054319728e-02,2.508333816377419229e-02,-2.138172968258762185e-01,-1.396113235499155114e-01,4.101103494647320713e-02,1.379818086431930076e-04,3.037261109406617920e-02,8.665537935270169190e-02,1.440945774327472007e-01
1.928936520213864192e-01,-1.220232675776528469e-01,8.682315708673778859e-03,-1.411022324369642748e-02,-1.482067983061615378e-02,9.269517584971911917e-02,9.654976113360970447e-02,-1.809748115748531505e-01,1.009824419198804835e-01,3.799328555737997715e-02,-2.167484183760390922e-03,1.990255144953864408e-01
2.137914466270378344e-01,4.441796131979301732e-02,5.137612065194212957e-02,4.805472720954886284e-02,2.002885327334196983e-02,4.375526317631117657e-02,-5.187558976237108266e-02,-1.909163378694494762e-01,1.549623631775840227e-01,1.136145112462072504e-01,-1.925160251243226150e-01,9.153231066912595471e-02
1.094261839888730076e-01,1.481211854144304230e-02,-2.141049561270884707e-02,-4.119636867924606621e-02,2.726108585541340765e-02,7.603808359636055059e-02,-1.193677360444812402e-01,-1.125832877088976947e-01,-1.564620470359855964e-01,5.446954342274393929e-02,8.226886815145907639e-02,4.945163753544740831e-02
-1.365999419375256985e-01,-2.519862161511693746e-02,-1.532140586716767561e-01,-9.684336259878395525e-02,9.427821372935961397e-02,1.914400556478461357e-01,-1.461725616106138506e-02,1.276874912801467289e-02,1.659213357073343054e-01,-5.053303205399930359e-02,-1.230652118152379265e-01,-1.408992235149471584e-01
-1.650604919628097245e-02,-2.380984698049018120e-02,-1.851817111595153165e-01,-1.476769664550453380e-02,-3.571574897541864024e-02,-1.420518654608508013e-01,3.346533273391328733e-03,1.047130809518151545e-01,-7.495126991294571994e-02,-1.223402189612531610e-01,2.335626702609683997e-02,-1.772721564875002764e-01
1.854931072013370208e-01,6.613378855684697022e-02,-7.044880968888167505e-02,-1.499712979915931305e-02,-5.483273853091471389e-02,9.793274614166026792e-02,-3.942391456188552162e-02,-2.092898198903550000e-01,-3.456376635611024817e-02,-7.165580222216998141e-02,-1.229689565848620519e-01,-1.981804238161243709e-02
1.153275199259907735e-01,3.263161884196955770e-02,-1.130488528440742740e-01,-2.275189532126229569e-02,4.406500136814422985e-02,8.083482126289238956e-02,-3.247050627060821953e-02,-8.308412670184023296e-02,1.683308505298048985e-01,1.695730049077235138e-02,1.188964772275839799e-01,1.409356892765040170e-01
-4.800280273007070941e-02,6.943328002372579910e-02,1.347978759323186781e-01,-6.501152975675215939e-02,-1.060098386541949989e-01,2.478353890311800478e-02,-9.360885852530385909e-02,-1.564670125580103210e-01,2.403477892711003427e-02,1.449304097295483484e-01,7.949085748919397509e-02,2.740057424310838111e-02
-6.966555584193891149e-02,3.488327459901989502e-02,-9.284087713166694344e-02,-1.132538005685495980e-01,-3.690893478632707725e-02,1.702971459694968270e-01,-9.796551511045659133e-02,-1.595835703713268869e-02,-2.103893958013789978e-01,1.600382418948001761e-01,-2.668774770483793579e-02,7.344733748418399988e-02
5.389799394609823269e-02,-7.376108835325789759e-02,1.150178452572588744e-01,-3.009602928590541376e-02,7.264284456693034797e-02,4.274914911243858640e-02,-2.246864222892599322e-02,-1.084034589899488810e-01,-1.133557000865091369e-01,1.968847600858120717e-01,1.338810931356552714e-01,-1.440701550846217038e-01
1.065621603495955499e-01,4.027709548906794473e-02,7.119295050067682429e-02,-1.391046295351739404e-01,6.542542996828450662e-03,1.375275656012516778e-01,8.924511844200166966e-02,-8.931094252985107007e-02,-1.491232002704010184e-01,-1.068276152450333694e-01,-1.405821958227166171e-02,1.225774862001991969e-02
7.763095849175979946e-02,1.132837216310120243e-02,6.486036454446790500e-02,8.892819509637321651e-02,1.832509552852025769e-01,1.159091263810056588e-01,-7.008159541865942310e-02,1.064076215112565310e-01,1.303849346439511503e-01,8.440779223184585733e-02,-9.256763191115714717e-02,-4.374881546594833193e-02
8.223314516329717494e-02,9.559722985363791614e-02,-9.878162417485568045e-03,-2.056218036064751675e-01,1.990934164120695959e-02,-3.183488756269685360e-02,-6.708180824616924443e-02,-2.343799126312208492e-02,3.141801587703358517e-02,5.428313046837064323e-03,4.994833948752153141e-02,-8.988571364786478168e-02
-3.205242505035599959e-02,-1.161938204776982037e-02,-1.671612644776297035e-02,3.318827688418630323e-02,1.107565695998480176e-01,1.800550972821356177e-02,-2.670748999761334355e-02,1.710019711827210076e-01,-3.097492200879411670e-02,8.173127114574642305e-02,2.574878636969809426e-02,-1.480638378781949371e-01
-3.426675157212877298e-02,5.688462322241865515e-02,-4.156477369476365737e-03,-5.710284914071969524e-03,3.237044344457506474e-03,9.876284640839883000e-02,1.210259560696054365e-01,1.518252711184748804e-01,-9.233703647563799854e-02,-5.688266727893592084e-02,5.011105421926798781e-02,-1.223609361111615557e-01
1.998794649338190010e-01,-1.539636102403060258e-01,-2.929017187926849855e-02,-1.168458862076470484e-01,1.415751304351227369e-01,-3.325932832936528971e-02,-3.064172160406169673e-02,4.470596672005641009e-02,-2.401044383045244923e-02,-5.555859379730381659e-02,-7.324069610231986882e-02,7.810328255619070070e-02
1.764233965397463133e-01,1.144085626996335925e-01,1.186628461119705741e-01,8.475418616720606368e-02,3.332662239597744547e-02,2.094909148295278356e-01,4.981423680333589565e-02,-1.063499711426744293e-02,7.338093842113616039e-02,-6.442182425147181812e-02,-1.988662178616403819e-01,1.245835674451389874e-02
-1.203753868104792124e-01,6.286233896961847256e-02,2.574331571571093422e-02,-1.945828052531567154e-01,-1.255545237659618230e-01,5.116099349365841459e-02,1.555600990791882465e-01,-2.631725615088036443e-02,-1.429705155689866281e-01,-1.064767022200394965e-02,3.016095501000027462e-02,1.481659300072233343e-01
-3.025762403435804104e-02,8.236993456101310285e-02,-8.610524638041565371e-02,-2.159563368940735639e-01,-1.161217591457169296e-01,-9.606053144049364265e-03,6.885876630706661353e-03,-7.191110116376717154e-02,1.138375590419262312e-01,1.105456715410043506e-01,6.197327749993153390e-02,-6.902039778148922526e-05
-7.424484121861443103e-03,1.165395241668403664e-01,-4.349455032049576175e-02,-1.295150965676705457e-01,-2.914010234505706037e-02,5.607306083852360568e-02,-1.316446299376158695e-02,-1.546945576359591012e-01,-5.936741937101853300e-02,-2.793724555015665925e-02,-7.965295514546349986e-02,1.494952299643298455e-01
4.480113581499021308e-02,-6.199781991574181833e-02,-1.814081903389656025e-01,6.208353523022966738e-03,3.900938333735006272e-03,1.161379278307339696e-01,-1.119004956969503473e-01,1.411064198488450327e-01,1.506177453760533247e-01,1.586538966919478211e-01,3.269915692579098560e-02,9.512485279423578410e-02
-1.611920314381270480e-01,2.111516837002527791e-01,-1.976708611058429835e-02,-4.686867554826576465e-02,2.191058442479562954e-02,-5.766332658800024658e-02,1.682941947806617516e-02,-6.193795977351042314e-02,-6.835445718306702723e-02,-8.877326935628776505e-02,-1.314626132161816896e-02,7.054950651940090911e-02
